name,status
2 Fast 2 Furious,SEEN
3 Idiots,UNSEEN
"3rd Man, The",UNSEEN
8 Mile,UNSEEN
10 Cloverfield Lane,UNSEEN
12 Angry Men,UNSEEN
12 Monkeys,UNSEEN
12 Years A Slave,UNSEEN
21 Jump Street (2012),SEEN
22 Jump Street,SEEN
30 Minutes Or Less,SEEN
47 Ronin,SEEN
2001: A Space Odyssey,UNSEEN
A Beautiful Mind,UNSEEN
A Clockwork Orange,UNSEEN
A Good Day to Die Hard,SEEN
A Knight's Tale,SEEN
A Man Called Tiger,UNSEEN
A Nightmare On Elm Street,UNSEEN
A Quiet Place,UNSEEN
A Vast of Night,UNSEEN
"Accountant, The",SEEN
Airplane,UNSEEN
Airplane 2,UNSEEN
Akira,UNSEEN
Alien,SEEN
Aliens,UNSEEN
Alita: Battle Angel,SEEN
Always Be My Maybe,SEEN
"Amazing Spider-Man, The",SEEN
"Amazing Spider-Man 2, The",SEEN
Amelie,UNSEEN
American Animals,SEEN
American Beauty,UNSEEN
American History X,UNSEEN
American Pie,SEEN
American Psycho,SEEN
An American Werewolf In London,UNSEEN
Anchorman,SEEN
Anchorman 2: The Legend Continues,SEEN
Annihilation,UNSEEN
Ant-Man (MCU,SEEN
),UNSEEN
Ant-Man And The Wasp (MCU),SEEN
Apocalypse Now,SEEN
Arkansas,SEEN
Army Of Darkness,UNSEEN
ARQ,SEEN
Arrival,UNSEEN
Atomic Blonde,SEEN
Ava,SEEN
"Avengers, The (MCU)",SEEN
Avengers; Age of Ultron (MCU),SEEN
Avengers; Infinity War (MCU),SEEN
Avengers; Endgame (MCU),SEEN
"Babadook, The",SEEN
Baby Driver,SEEN
"Baker, The",SEEN
Back To The Future,SEEN
Back To The Future Part II,SEEN
Back To The Future Part III,SEEN
Bad Neighbours,SEEN
"Ballad Of Buster Scruggs, The",SEEN
"Bandit, The",UNSEEN
Batman v Superman: Dawn Of Justice,SEEN
Bee Movie,SEEN
Beetlejuice,SEEN
Begin Again,SEEN
Being John Malkovich,SEEN
Beyond The Black Rainbow,UNSEEN
Bicycle Thieves,UNSEEN
"Big Lebowski, The",SEEN
"Big Short, The",SEEN
"Big Sick, The",SEEN
Big Trouble In Little China,UNSEEN
Big Wednesday,UNSEEN
Bill and Ted's Excellent Adventure,UNSEEN
Bill and Ted's Bogus Journey,UNSEEN
Birdman,SEEN
BlacKkKlansman,SEEN
Black Mirror: Bandersnatch,SEEN
Black Panther (MCU),SEEN
Black Snake Moan,UNSEEN
Blade Runner,SEEN
Blade Runner 2049,SEEN
"Blues Brothers, The",SEEN
"Boat That Rocked, The",SEEN
Bone Tomahawk,UNSEEN
Borat,SEEN
Borat: Subsequent Moviefilm,UNSEEN
"Bourne Identity, The",SEEN
"Bourne Legacy, The",SEEN
"Bourne Supremacy, The",SEEN
"Bourne Ultimatum, The",SEEN
Boyhood,UNSEEN
Braveheart,UNSEEN
Brawl In Cell Block 99,UNSEEN
"Breakfast Club, The",SEEN
Bright,SEEN
Brokeback Mountain,UNSEEN
Bruce Almighty,SEEN
Bruno,UNSEEN
Burn After Reading,SEEN
Butch Cassidy And The Sundance Kid,UNSEEN
Cade's County - A Gun For Billy,UNSEEN
"Campaign, The",SEEN
Capote,UNSEEN
Captain America; Civil War (MCU),SEEN
Captain America; The First Avenger (MCU),SEEN
Captain America; The Winter Soldier (MCU),SEEN
Captain Marvel (MCU),SEEN
Cargo,UNSEEN
Carny,UNSEEN
Carrie,UNSEEN
Casablanca,UNSEEN
Chef,SEEN
Chicago,SEEN
Children Of Men,UNSEEN
Chinatown,UNSEEN
Citizen Kane,UNSEEN
City Lights (Charlie Chaplin),UNSEEN
City Of God,UNSEEN
Clear And Present Danger,UNSEEN
Close Encounters Of  A Third Kind,UNSEEN
Cloud Atlas,SEEN
Colossal,SEEN
Coogan's Bluff & The Beguiled & Catlow,UNSEEN
Cool Hand Luke,UNSEEN
Cowboys & Aliens,SEEN
Crocodile Dundee,SEEN
Cuban Fury,SEEN
Cube,SEEN
Cube 2: Hypercube,UNSEEN
Cube Zero,UNSEEN
Daft Punk Unchained (Doc),UNSEEN
Daisy Miller,UNSEEN
Dallas Buyers Club,SEEN
"Darjeeling Limited, The",SEEN
Das Boot,UNSEEN
"Davinci Code, The",SEEN
"Dead Don't Die, The",UNSEEN
Dead In A Week Or Your Money Back,SEEN
Deadpool,SEEN
Deadpool 2,SEEN
Death Note,SEEN
"Death Of Stalin, The",SEEN
"Deer Hunter, The",UNSEEN
"Departed, The",UNSEEN
"Dictator, The",SEEN
Die Hard,SEEN
Die Hard 2,SEEN
District 9,SEEN
Divergent,SEEN
"Divergent Series: Allegiant, The",SEEN
"Divergent Series: Insurgent, The",SEEN
Django Unchained,SEEN
Doctor Sleep,UNSEEN
Doctor Strange (MCU),SEEN
Dolemite Is My Name,UNSEEN
Double Indemnity,UNSEEN
Downfall,UNSEEN
Downsizing,SEEN
"Dr Strangelove, or How I Learned To Stop Worrying And Love The Bomb",UNSEEN
Dracula Untold,SEEN
Dredd,SEEN
Due Date,SEEN
"Dynamite Brothers, The",UNSEEN
Eagle Vs Shark,SEEN
Edward Scissorhands,SEEN
Ender's Game,SEEN
Enola Holmes,SEEN
Escape From Alcatraz,UNSEEN
Escape From New York,UNSEEN
Escape Plan,SEEN
Eternal Sunshine Of The Spotless Mind,SEEN
Evil Dead 1,UNSEEN
Evil Dead 2,UNSEEN
"Equalizer, The",SEEN
Equilibrium,SEEN
Evan Almighty,SEEN
Ex_Machina,SEEN
"Expendables, The",SEEN
Exodus: Gods And Kings,SEEN
Extraction,SEEN
Falling Down,SEEN
Fantastic Four,SEEN
Fantastic Four: Rise of the Silver Surfer,SEEN
Fantastic Mister Fox,SEEN
Fargo,SEEN
"Fast and the Furious, The",SEEN
Fatal Needles Vs Fatal Fists,UNSEEN
Ferris Bueller's Day Off,SEEN
Fight Club,SEEN
Fighting With My Family,SEEN
"Florida Project, The",UNSEEN
For A Few Dollars More,UNSEEN
For The Love Of Spock (Doc),SEEN
"Founder, The",SEEN
Four Lions,SEEN
Full Metal Jacket,UNSEEN
"Full Monty, The",SEEN
Galaxy Quest,SEEN
Game Night,SEEN
Gattaca,UNSEEN
"Gentlemen, The",SEEN
Get Smart,SEEN
Ghostbusters,SEEN
Ghostbusters II,SEEN
Ghost Rider,SEEN
Ghost Rider 2,UNSEEN
"Girl On The Train, The",SEEN
"Girl With The Dragon Tattoo, The",SEEN
Gladiator,UNSEEN
"Godfather, The",UNSEEN
"Godfather II, The",UNSEEN
Godzilla (1954),UNSEEN
Godzilla (2014),SEEN
Gone Girl,SEEN
Gone With The Wind,UNSEEN
"Good, The Bad, And The Ugly, The",UNSEEN
Good Will Hunting,UNSEEN
GoodFellas,UNSEEN
Gran Torino,UNSEEN
"Grand Budapest Hotel, The",SEEN
Grave Of The Fireflies (Studio Ghibli),SEEN
Gravity,SEEN
"Great Dictator, The (Charlie Chaplin)",UNSEEN
Green Lantern,SEEN
"Green Mile, The",UNSEEN
Grimsby,SEEN
"Groundstar Conspiracy, The",UNSEEN
Guardians Of The Galaxy (MCU),SEEN
Guardians Of The Galaxy Vol. 2 (MCU),SEEN
Gunsmoke - Vengeance Part 1,UNSEEN
Gunsmoke - Vengeance Part 2,UNSEEN
Hacksaw Ridge,UNSEEN
Hancock,SEEN
Hanna,SEEN
"Happytime Murders, The",SEEN
Hardcore Henry,SEEN
Heat,UNSEEN
"Heist, The",SEEN
Hellboy (2019),SEEN
Hellboy,SEEN
Hellboy 2: The Golden Army,SEEN
High Flying Birds,SEEN
"Hobbit: An Unexpected Journey, The",SEEN
"Hobbit: The Desolation Of Smaug, The",SEEN
"Hobbit: The Battle of The Five Armies, The",SEEN
Hobbs & Shaw,SEEN
"Holiday, The",SEEN
Horrible Bosses,SEEN
How To Train Your Dragon,SEEN
Howl's Moving Castle (Studio Ghibli),SEEN
Hugo,SEEN
"Hulk (Ang Lee, 2003)",SEEN
"Hundred Year-Old Man Who Climbed Out Of The Window And Disappeared, The",SEEN
Hunt For The Wilderpeople,UNSEEN
"Hunt, The",UNSEEN
"Hunt For The Wilderpeople, The",UNSEEN
"Hunt For Red October, The",UNSEEN
I Am Michael,UNSEEN
I Escaped From Devil's Island,UNSEEN
I Give It A Year,SEEN
I Don't Feel At Home In This World Anymore,SEEN
iBOY,SEEN
I'll Sleep When I Am Dead (Doc),UNSEEN
Identity Thief,SEEN
"Image Of Bruce Lee, The",UNSEEN
"Imitation Game, The",UNSEEN
In Bruges,UNSEEN
In Time,SEEN
Incendies,UNSEEN
Inception,SEEN
"Incredible Hulk, The (MCU)",SEEN
Inglourious Basterds,SEEN
Internal Affair,UNSEEN
"Internship, The",SEEN
Interstellar,SEEN
"Interview, The",SEEN
Into The Wild,UNSEEN
Intouchables,UNSEEN
"Invention Of Lying, The",SEEN
Ip Man,SEEN
"Irishman, The",UNSEEN
Iron Man (MCU),SEEN
Iron Man 2 (MCU),SEEN
Iron Man 3 (MCU),SEEN
Isle of Dogs,UNSEEN
It's A Wonderful Life,UNSEEN
Jack Reacher,SEEN
Jack Reacher: Never Go Back,SEEN
Jack Ryan: Shadow Recruit,SEEN
Jack The Giant Slayer,SEEN
Jackass Presents: Bad Grandpa,SEEN
Jackie Brown,SEEN
Jaws,UNSEEN
Jennifer's Body,SEEN
Jim & Andy (Doc),SEEN
Jojo Rabbit,UNSEEN
Jumanji,SEEN
Jumanji: Welcome To The Jungle,SEEN
Jumanji: The Next Level,SEEN
Jumper,SEEN
Jurassic Park,UNSEEN
Jurassic Park 2: The Lost World,UNSEEN
Jurassic Park 3,UNSEEN
Jurassic World,SEEN
Justice League,SEEN
Kick-Ass,SEEN
Kick-Ass 2,SEEN
"Kid, The (Charlie Chaplin)",UNSEEN
"Kid Detective, The",UNSEEN
Kill Bill: Vol 1,SEEN
Kill Bill: Vol 2,SEEN
Killing Them Softly,UNSEEN
"King's Speech, The",UNSEEN
Kingsman: The Golden CIrcle,SEEN
Kingsman: The Secret Service,SEEN
Knight And Day,SEEN
Knives Out,SEEN
Kung Fu Panda,SEEN
L.A. Confidential,UNSEEN
La La Land,UNSEEN
Labyrinth,UNSEEN
"Lady In Red, The",UNSEEN
Last Days,UNSEEN
Lawrence Of Arabia,UNSEEN
Leaving Las Vegas,UNSEEN
Lemony Snicket's A Series of Unfortunate Events,SEEN
Leon: The Professional,UNSEEN
"Lighthouse, The",UNSEEN
Life Is Beautiful,UNSEEN
Little Evil,SEEN
Live Free or Die Hard,SEEN
"Lives Of Others, The",UNSEEN
"Lock, Stock And Two Smoking Barrels",UNSEEN
Logan,SEEN
Logan Lucky,SEEN
"Lord Of The Rings: The Fellowship Of The Ring, The",SEEN
"Lord Of The Rings: The Two Towers, The",SEEN
"Lord Of The Rings: The Return Of The King, The",SEEN
"Lords Of Flatbrush, The",UNSEEN
Love Actually,SEEN
Love Wedding Repeat,SEEN
M,UNSEEN
"Mack, The",UNSEEN
Mad Max,SEEN
Mad Max 2,UNSEEN
Mad Max: Beyond Thunderdome,UNSEEN
Mad Max: Fury Road,SEEN
Madagascar,SEEN
"Magnificent Seven, The",SEEN
Mama Mia,SEEN
"Mama Mia, Here We Go Again",SEEN
"Man From U.N.C.L.E, The",SEEN
Mandy,UNSEEN
Marriage Story,UNSEEN
Mars Attacks,SEEN
"Martian, The",SEEN
Mary And Max,UNSEEN
Matilda,SEEN
"Mechanic, The",SEEN
Mechanic: Resurrection,SEEN
Memento,SEEN
Memories Of A Murder,UNSEEN
Men in Black,SEEN
Men in Black II,SEEN
Men in Black 3,SEEN
MirrorMask,SEEN
Mission Impossible; Fallout,SEEN
Modern Times (Charlie Chaplin),UNSEEN
Mogli: Legend Of The Jungle,SEEN
Monsters Vs. Aliens,SEEN
Monty Python's Life Of Brian,SEEN
Monty Python And The Holy Grail,SEEN
Mortal Engines,SEEN
"Mortal Instruments: City Of Bones, The",SEEN
Mr. & Mrs. Smith,SEEN
Mr. Glass,UNSEEN
Mr. Nice,SEEN
Mr. Right,SEEN
"Mummy, The (1999)",SEEN
"Mummy Returns, The",SEEN
"Mummy: Tomb Of The Dragon Emperor, The",SEEN
Mute,SEEN
"MUTHERS, The",UNSEEN
My Scientology Movie (Doc),SEEN
My Spy,SEEN
Napoleon Dynamite,SEEN
Nausicaa Of The Valley Of The Wind (Studio Ghibli),UNSEEN
Network,UNSEEN
Next,SEEN
"Nice Guys, The",SEEN
Nightcrawler,SEEN
Nightwing,UNSEEN
Nighthunter,SEEN
Ninja Assassin,SEEN
No Country For Old Men,UNSEEN
North By North-West,UNSEEN
Now You See Me,SEEN
Now You See Me 2,SEEN
"O Brother, Where Art Thou?",SEEN
Oblivion,SEEN
"Old Guard, The",SEEN
Oldboy (2003),SEEN
Oldboy (2013),UNSEEN
One Cut Of The Dead,UNSEEN
Once Upon A Time In America,UNSEEN
Once Upon A Time In Hollywood,SEEN
Once Upon A Time In The West,UNSEEN
One Flew Over The Cuckoo's Nest,UNSEEN
Only Lovers Left Alive,UNSEEN
"Other Guys, The",SEEN
"Outsider, The",SEEN
Pacific Rim,SEEN
Paddington,SEEN
Paddington 2,SEEN
Pain & Gain,SEEN
Paint It Yellow,UNSEEN
Pan's Labyrinth,SEEN
Passengers,SEEN
Paths of Glory,UNSEEN
Parasite,UNSEEN
Patriot Games,UNSEEN
Platoon,UNSEEN
Players,UNSEEN
Point Break,SEEN
Polar,SEEN
Police Academy,SEEN
Popstar: Never Stop Never Stopping,SEEN
"Priscilla, Queen Of The Desert",UNSEEN
Princess Mononoke (Studio Ghibli),UNSEEN
Prophecy,UNSEEN
Psycho,UNSEEN
Pulp Fiction,SEEN
Punch Drunk Love,UNSEEN
Quantum of Solace,SEEN
"Raid, The",SEEN
Rain Man,UNSEEN
Raising Arizona,UNSEEN
Ran,UNSEEN
Ready Player One,SEEN
Reanimator,UNSEEN
Rear Window,UNSEEN
Rebecca,UNSEEN
RED,SEEN
Requiem For A Dream,UNSEEN
"Revenant, The",UNSEEN
Robin Hood (2018),SEEN
Rogue One (A Star Wars Story),SEEN
Rollerball,UNSEEN
Roof Culture Asia (Doc),SEEN
Rush,UNSEEN
"Saint, The",SEEN
Saving Private Ryan,UNSEEN
Scarface,UNSEEN
Schindler's List,SEEN
School Of Rock,SEEN
Scott Pilgrim Vs. The World,SEEN
Se7en,SEEN
Searching For Sugar Man,UNSEEN
"Seduction Of Joe Tynan & Honeysuckle Rose, The",UNSEEN
Serenity,SEEN
Serpico,UNSEEN
Seven Psychopaths,SEEN
Seven Samurai,UNSEEN
Sky Ladder: The Art Of Caui Guo-Qiang (Doc),UNSEEN
Shaft,SEEN
"Shape of Water, The",UNSEEN
Shark Tale,SEEN
Shaun Of The Dead,SEEN
"Shawshank Redemption, The",UNSEEN
Sherlock Holmes,SEEN
Sherlock Holmes - A Game of Shadows,SEEN
"Shining, The",UNSEEN
Shoot Out,UNSEEN
Shooter,SEEN
"Shootist, The",UNSEEN
Showdown,UNSEEN
Shrek,SEEN
Shutter Island,UNSEEN
"Silence Of The Lambs, The",SEEN
Sin City,SEEN
"Sixth Sense, The",UNSEEN
Slaughterhouse Rulez,SEEN
Sleepy Hollow,UNSEEN
Snatch,SEEN
Snowpiecer,SEEN
"Social Network, The",SEEN
Solo (A Star Wars Story),SEEN
Sometimes A Great Notion,UNSEEN
Son Of Rambow,SEEN
Soul,SEEN
Soul Brothers Of Kung Fu,UNSEEN
Source Code,SEEN
Sorry To Bother You,SEEN
"Space Between Us, The",SEEN
Special Correspondents,SEEN
Spectral,SEEN
Speed,SEEN
Speed Racer,UNSEEN
Spider-Man (2002),SEEN
Spider-Man 2 (2004),SEEN
Spider-Man 3 (2007),SEEN
Spider-Man; Homecoming (MCU),SEEN
Spider-Man; Far From Home (MCU),SEEN
Spinal Tap,UNSEEN
Spirited Away (Studio Ghibli),SEEN
Split,SEEN
Star Trek: The Motion Picture (1979),UNSEEN
Star Trek II: The Wrath of Khan (1982),UNSEEN
Star Trek III: The Search for Spock (1984),UNSEEN
Star Trek IV: The Voyage Home (1986),UNSEEN
Star Trek V: The Final Frontier (1989),UNSEEN
Star Trek VI: The Undiscovered Country (1991),UNSEEN
Star Trek Generations (1994),UNSEEN
Star Trek: First Contact (1996),UNSEEN
Star Trek: Insurrection (1998),UNSEEN
Star Trek: Nemesis (2002),UNSEEN
Star Trek (2009),SEEN
Star Trek Into Darkness (2013),SEEN
Star Trek Beyond (2016),SEEN
Star Wars: Episode 1 - A Phantom Menace,SEEN
Star Wars: Episode 2 - Attack Of The Clones,SEEN
Star Wars: Episode 3 - Revenge Of The Sith,SEEN
Star Wars: Episode 4 - A New Hope,SEEN
Star Wars: Episode 5 - The Empire Strikes Back,SEEN
Star Wars: Episode 6 - Return Of The Jedi,SEEN
Star Wars: Episode 7 - The Force Awakens,SEEN
Star Wars: Episode 8 - The Last Jedi,SEEN
Star Wars: Episode 9 - The Rise Of Skywalker,SEEN
Step Brothers,SEEN
Sucker Punch,SEEN
"Sum Of All Fears, The",UNSEEN
Sunset Boulevard,UNSEEN
Superman,SEEN
Swimming With Men,SEEN
T2: Trainspotting,SEEN
Tag,SEEN
Taken,SEEN
Taken 2,SEEN
"Taking Of Pelham 123, The",SEEN
Talladega Nights: The Ballad of Ricky Bobby,SEEN
Tank Girl,SEEN
Targets,UNSEEN
Taxi Driver,UNSEEN
Teenage Mutant Ninja Turtles,SEEN
Ted,SEEN
Tenet,SEEN
Terminal,SEEN
"Terminal, The",UNSEEN
Texas Chainsaw Massacre,UNSEEN
There Will Be Blood,UNSEEN
"Thing (1982), The",UNSEEN
"Thing (2011), The",SEEN
This Is England,UNSEEN
Thor (MCU),SEEN
Thor; The Dark World (MCU),SEEN
Thor; Ragnarok (MCU),SEEN
Three Identical Strangers,SEEN
"Tinker, Tailor, Soldier, Spy",SEEN
"Titan, The",SEEN
Titan A.E.,SEEN
Tomb Raider (2018),SEEN
Total Recall (1990),SEEN
"Town, The",SEEN
Trainspotting,SEEN
Transformers,SEEN
Transformers 2,SEEN
Transformers: Age Of Extinction,SEEN
Tully,UNSEEN
Twilight,SEEN
"Twilight Saga: Breaking Dawn; Part 1, The",SEEN
"Twilight Saga: Breaking Dawn; Part 2, The",SEEN
"Twilight Saga: Eclipse, The",SEEN
"Twilight Saga: New Moon, The",SEEN
Ulzana's Raid,UNSEEN
Uncut Gems,SEEN
Upgrade,SEEN
"Usual Suspects, The",UNSEEN
V For Vendetta,UNSEEN
Valerian And The City Of A Thousand Planets,SEEN
Vertigo,UNSEEN
WANG YU: SUPERSTAR! SUPER DIRECTOR!,UNSEEN
War Games,UNSEEN
War Machine,SEEN
Warcraft,SEEN
WALL-E,UNSEEN
Wanted,SEEN
Warrior,UNSEEN
Watchmen,SEEN
Weathering With You,SEEN
What Happened To Monday,SEEN
Whiplash,UNSEEN
Wild Tales,UNSEEN
"Witch, The (The VVitch)",UNSEEN
Withnail & I,UNSEEN
"Wolf Of Wall Street, The",SEEN
"Wolverine, The",SEEN
Wonder Woman,SEEN
Wonder Woman 1984,SEEN
"World's End, The",SEEN
Would You Rather,SEEN
X-Men,SEEN
X2,SEEN
X-Men: The Last Stand,SEEN
X-Men Origins: Wolverine,SEEN
X-Men: First Class,SEEN
X-Men: Days Of Future Past,SEEN
X-Men: Apocalypse,SEEN
"Yakuza, The",UNSEEN
"Yes, God, Yes",SEEN
Yes Man,SEEN
Zombieland,SEEN
Zombieland 2,UNSEEN
Zoolander,SEEN
Zoolander 2,SEEN
